{
    "kango_version": "1.3.1 ba4b80d08b67", 
    "content_scripts": [
        "js/utils.js", 
        "js/options.js", 
        "js/common.js", 
        "js/boards.js", 
        "js/threads.js", 
        "js/posts.js", 
        "js/postCreate.js", 
        "js/profile.js", 
        "js/keyboardnav.js", 
        "js/nicknames.js"
    ], 
    "description": "Eine Zusammenfassung von Erweiterungen f\u00fcr breadfish.de", 
    "license": "MIT", 
    "creator": "Martin Rump <admin@maddin.cc>", 
    "kango_package_id": "dev", 
    "homepage_url": "http://breadfishplusplus.eu/", 
    "version": "2.0.0", 
    "id": "elmihfbmlfpcglhcjkpmdopigklgnejj", 
    "name": "Breadfish++"
}